id,patient_id,physician_id,start_time,end_time,status,created_at,updated_at
1,18,1,2025-11-24T14:12:33,2025-11-24T14:52:33,completed,2025-10-31T22:30:09,2025-11-21T15:40:37
2,14,17,2025-10-02T19:08:55,2025-10-02T19:28:55,completed,2025-09-26T03:15:53,2025-10-09T11:34:18
3,43,14,2024-12-30T22:51:02,2024-12-30T23:11:02,scheduled,2024-11-04T15:34:05,2024-12-15T05:47:02
4,84,13,2025-11-18T02:56:42,2025-11-18T03:26:42,completed,2025-11-16T00:22:24,2025-11-19T23:21:58
5,118,11,2025-11-21T22:30:43,2025-11-21T22:50:43,completed,2025-11-02T16:18:08,2025-11-11T05:00:07
6,116,4,2025-01-27T19:32:46,2025-01-27T19:52:46,scheduled,2025-01-24T16:23:15,2025-02-12T20:25:16
7,54,4,2025-09-02T02:47:44,2025-09-02T03:07:44,no_show,2025-08-31T20:44:32,2025-09-14T12:40:01
8,59,20,2025-01-22T12:33:51,2025-01-22T13:33:51,no_show,2024-12-23T22:25:36,2025-01-19T18:50:27
9,35,19,2025-12-02T11:42:11,2025-12-02T12:22:11,completed,2025-11-06T02:01:04,2025-12-25T15:48:59
10,6,20,2025-10-20T11:26:00,2025-10-20T11:56:00,completed,2025-09-17T09:01:52,2025-09-20T22:08:15
11,17,2,2025-03-05T06:39:49,2025-03-05T06:59:49,no_show,2025-01-06T21:24:10,2025-01-22T11:38:16
12,116,20,2025-09-24T23:43:23,2025-09-25T00:43:23,completed,2025-08-16T21:18:49,2025-10-18T21:03:53
13,60,10,2025-05-05T07:52:19,2025-05-05T08:52:19,cancelled,2025-04-11T08:20:10,2025-04-11T08:33:40
14,101,6,2025-02-19T22:34:40,2025-02-19T23:14:40,completed,2024-12-22T03:55:06,2025-03-04T07:10:09
15,16,15,2025-05-04T02:15:19,2025-05-04T02:45:19,scheduled,2025-03-27T21:03:29,2025-05-25T20:27:44
16,93,3,2025-06-08T22:38:31,2025-06-08T22:58:31,completed,2025-05-07T18:03:18,2025-05-11T07:43:28
17,115,15,2025-05-28T16:58:41,2025-05-28T17:38:41,scheduled,2025-04-27T16:47:04,2025-05-12T13:07:32
18,47,20,2025-08-07T18:52:30,2025-08-07T19:32:30,completed,2025-07-18T23:50:47,2025-07-30T19:40:18
19,61,4,2025-01-14T15:20:27,2025-01-14T15:50:27,cancelled,2024-11-24T12:19:56,2024-11-25T23:24:17
20,33,14,2025-04-26T19:46:51,2025-04-26T20:26:51,cancelled,2025-04-22T07:47:55,2025-04-25T06:46:51
21,72,7,2025-05-16T23:43:47,2025-05-17T00:23:47,completed,2025-04-29T19:52:32,2025-06-03T03:24:57
22,70,19,2025-12-02T11:37:18,2025-12-02T12:11:18,completed,2025-02-01T08:37:02,2025-03-16T21:12:44
23,109,12,2025-08-02T09:58:41,2025-08-02T10:18:41,completed,2025-06-29T20:23:40,2025-08-22T10:11:34
24,8,13,2025-08-20T15:22:40,2025-08-20T15:42:40,cancelled,2025-07-27T08:35:00,2025-09-13T06:45:46
25,83,12,2025-03-16T22:26:40,2025-03-16T23:26:40,scheduled,2025-02-23T19:59:39,2025-04-04T06:45:04
26,106,15,2025-02-27T01:59:17,2025-02-27T02:59:17,scheduled,2025-01-19T13:56:35,2025-01-28T08:12:45
27,84,8,2025-01-30T01:03:23,2025-01-30T01:33:23,cancelled,2024-12-26T04:04:51,2025-01-28T20:37:47
28,74,7,2025-10-14T18:48:50,2025-10-14T19:28:50,no_show,2025-09-21T22:31:12,2025-10-18T08:06:13
29,94,14,2025-08-18T05:21:07,2025-08-18T05:41:07,no_show,2025-07-27T03:39:53,2025-07-28T12:34:13
30,43,14,2025-01-31T13:00:25,2025-01-31T13:20:25,no_show,2024-12-02T21:34:52,2025-01-14T09:46:29
31,24,9,2025-04-26T21:45:39,2025-04-26T22:25:39,completed,2025-03-27T20:07:45,2025-04-07T01:56:41
32,84,13,2025-06-12T21:52:25,2025-06-12T22:32:25,scheduled,2025-06-06T00:19:04,2025-07-08T03:38:40
33,108,8,2025-04-28T16:42:19,2025-04-28T17:42:19,completed,2025-04-02T13:05:35,2025-05-12T14:35:59
34,79,16,2025-03-04T11:56:28,2025-03-04T12:36:28,cancelled,2025-02-26T11:53:04,2025-03-22T20:25:17
35,114,16,2025-06-26T04:04:49,2025-06-26T05:04:49,completed,2025-06-22T11:38:41,2025-07-11T12:41:58
36,8,4,2025-06-21T11:25:57,2025-06-21T11:55:57,no_show,2025-06-09T22:37:37,2025-07-20T06:40:35
37,88,14,2025-06-13T14:32:50,2025-06-13T15:12:50,no_show,2025-05-23T01:30:33,2025-06-30T04:32:42
38,66,4,2025-06-06T18:23:30,2025-06-06T19:03:30,scheduled,2025-05-08T22:40:06,2025-05-10T23:55:48
39,71,5,2025-12-03T15:03:06,2025-12-03T15:23:06,completed,2025-10-27T09:53:43,2025-12-06T02:23:37
40,44,3,2025-01-05T00:56:33,2025-01-05T01:36:33,cancelled,2024-11-14T19:28:14,2025-01-06T13:25:41
41,20,7,2025-02-12T20:29:35,2025-02-12T21:09:35,cancelled,2024-12-17T08:38:36,2025-01-28T17:39:25
42,18,5,2025-01-14T07:42:39,2025-01-14T08:12:39,no_show,2024-11-21T01:17:42,2025-02-12T17:58:37
43,71,4,2025-04-24T08:09:50,2025-04-24T08:39:50,completed,2025-04-20T08:21:11,2025-04-26T00:32:03
44,79,8,2025-05-10T23:50:28,2025-05-11T00:30:28,scheduled,2025-04-01T06:49:52,2025-05-10T08:28:28
45,22,20,2024-12-14T10:53:04,2024-12-14T11:13:04,completed,2024-10-23T09:51:01,2024-12-13T03:26:31
46,74,1,2025-11-18T20:05:27,2025-11-18T20:35:27,completed,2025-10-25T11:10:08,2025-11-23T09:48:13
47,43,12,2025-11-08T01:36:14,2025-11-08T02:16:14,cancelled,2025-10-01T19:10:12,2025-10-22T07:33:52
48,61,8,2025-05-23T21:24:02,2025-05-23T22:24:02,completed,2025-05-17T00:56:30,2025-05-22T06:45:23
49,113,7,2025-05-06T19:18:36,2025-05-06T19:38:36,scheduled,2025-04-27T03:19:51,2025-05-18T13:29:07
50,36,6,2025-04-01T20:29:52,2025-04-01T20:49:52,scheduled,2025-02-03T04:13:34,2025-03-17T17:28:07
51,106,15,2024-12-16T11:12:03,2024-12-16T11:32:03,completed,2024-11-19T00:05:11,2024-12-26T13:22:39
52,80,5,2025-04-13T20:01:51,2025-04-13T20:21:51,no_show,2025-02-24T03:33:49,2025-04-14T06:36:06
53,25,5,2025-02-10T15:53:54,2025-02-10T16:13:54,completed,2025-02-05T08:50:35,2025-02-18T20:01:23
54,,3,2025-01-20T11:39:12,2025-01-20T12:09:12,scheduled,2025-01-03T14:16:39,2025-01-31T23:43:18
55,32,5,2025-10-31T19:33:18,2025-10-31T19:53:18,no_show,2025-09-19T07:59:59,2025-11-07T12:15:21
56,10,16,2025-08-30T07:43:19,2025-08-30T08:23:19,scheduled,2025-08-03T08:47:33,2025-08-20T16:22:45
57,12,9,2025-09-23T13:46:44,2025-09-23T14:06:44,cancelled,2025-08-17T16:48:24,2025-09-19T07:25:16
58,40,20,2024-12-19T19:17:24,2024-12-19T19:37:24,completed,2024-11-05T19:47:18,2024-12-05T09:50:04
59,38,14,2025-04-09T07:40:44,2025-04-09T08:40:44,scheduled,2025-03-19T21:20:22,2025-05-02T05:20:17
60,17,14,2025-10-07T03:44:43,2025-10-07T04:04:43,scheduled,2025-09-02T22:56:58,2025-11-01T00:15:57
61,71,3,2025-02-12T08:37:22,2025-02-12T09:07:22,completed,2025-01-05T20:46:06,2025-01-25T12:34:58
62,61,4,2025-04-05T15:36:11,2025-04-05T16:06:11,scheduled,2025-03-12T16:38:38,2025-03-22T13:08:36
63,24,8,2025-12-02T10:12:52,2025-12-02T10:32:52,completed,2025-11-12T01:59:12,2025-12-29T08:16:18
64,55,13,2025-03-07T15:27:22,2025-03-07T15:57:22,completed,2025-03-04T19:11:42,2025-03-26T10:14:37
65,102,15,2025-09-07T16:12:35,2025-09-07T16:52:35,cancelled,2025-08-28T21:55:21,2025-09-20T07:00:17
66,71,17,2025-03-14T16:33:24,2025-03-14T17:33:24,no_show,2025-02-13T02:41:01,2025-02-27T03:35:30
67,61,2,2025-11-07T04:14:56,2025-11-07T04:34:56,cancelled,2025-09-15T09:07:53,2025-11-01T19:01:07
68,4,19,2025-09-11T01:43:15,2025-09-11T02:43:15,completed,2025-07-30T00:10:47,2025-09-02T21:52:57
69,113,20,2025-06-20T03:44:02,2025-06-20T04:04:02,cancelled,2025-06-08T20:29:58,2025-07-17T14:57:42
70,53,15,2025-11-20T06:00:38,2025-11-20T07:00:38,cancelled,2025-10-02T03:49:15,2025-10-09T18:58:09
71,66,15,2025-12-06T16:57:07,2025-12-06T17:17:07,scheduled,2025-10-27T08:33:21,2025-11-22T17:52:44
72,94,4,2025-02-22T19:12:03,2025-02-22T19:32:03,scheduled,2025-01-19T11:05:42,2025-03-01T09:02:07
73,28,14,2025-10-19T05:51:45,2025-10-19T06:21:45,cancelled,2025-09-01T15:49:41,2025-11-08T07:51:32
74,12,4,2025-02-14T03:03:25,2025-02-14T03:43:25,scheduled,2025-01-07T19:57:08,2025-03-15T22:58:09
75,6,16,2025-08-08T06:52:37,2025-08-08T07:52:37,scheduled,2025-08-06T03:35:29,2025-08-15T03:07:45
76,14,20,2025-10-17T04:20:05,2025-10-17T04:40:05,scheduled,2025-09-17T02:40:07,2025-10-11T20:44:24
77,69,11,2025-02-12T15:21:58,2025-02-12T15:51:58,completed,2025-02-01T01:48:55,2025-03-02T15:21:32
78,71,9,2025-02-01T02:26:04,2025-02-01T03:26:04,scheduled,2025-01-02T14:35:35,2025-01-11T01:47:07
79,102,1,2025-07-23T18:42:59,2025-07-23T19:22:59,cancelled,2025-05-31T09:37:18,2025-06-23T18:13:47
80,10,14,2025-01-27T17:03:23,2025-01-27T17:33:23,scheduled,2025-01-27T07:07:36,2025-02-19T03:24:23
81,71,17,2025-10-17T19:37:02,2025-10-17T20:07:02,no_show,2025-10-14T13:50:27,2025-11-15T09:35:11
82,114,10,2025-04-25T05:54:43,2025-04-25T06:24:43,cancelled,2025-03-07T20:05:43,2025-03-15T08:33:39
83,65,11,2025-01-30T17:17:01,2025-01-30T17:47:01,no_show,2025-01-07T09:35:59,2025-02-23T02:02:08
84,118,5,2025-05-12T12:55:58,2025-05-12T13:55:58,completed,2025-04-25T01:28:04,2025-05-22T16:32:58
85,113,6,2025-10-23T02:54:51,2025-10-23T03:54:51,cancelled,2025-09-22T01:30:44,2025-11-21T16:29:31
86,87,9,2025-01-10T22:34:15,2025-01-10T23:14:15,scheduled,2024-12-02T13:47:54,2025-01-10T01:36:30
87,27,13,2025-09-08T02:30:16,2025-09-08T03:30:16,scheduled,2025-08-14T23:06:49,2025-08-30T19:20:29
88,5,19,2025-04-26T00:43:15,2025-04-26T01:13:15,completed,2025-03-14T22:30:15,2025-05-15T15:30:52
89,116,16,2025-11-11T00:00:42,2025-11-11T00:30:42,no_show,2025-11-03T23:39:22,2025-11-28T07:21:33
90,11,15,2025-11-10T17:16:09,2025-11-10T17:36:09,completed,2025-11-05T22:41:18,2025-11-09T17:34:10
91,118,16,2025-11-28T01:08:31,2025-11-28T01:28:31,completed,2025-10-11T10:15:14,2025-11-10T17:08:43
92,5,3,2025-08-31T10:48:41,2025-08-31T11:28:41,completed,2025-08-24T05:02:27,2025-09-12T23:14:28
93,6,12,2025-08-04T15:51:39,2025-08-04T16:21:39,no_show,2025-07-20T14:41:09,2025-08-18T04:59:55
94,84,1,2025-06-26T23:30:31,2025-06-27T00:10:31,no_show,2025-06-07T19:15:53,2025-06-09T15:45:34
95,111,8,2025-11-20T08:11:39,2025-11-20T09:11:39,cancelled,2025-10-14T08:08:44,2025-11-20T21:35:04
96,51,1,2025-02-13T01:43:49,2025-02-13T02:13:49,no_show,2024-12-26T16:45:45,2025-01-25T15:25:09
97,2,18,2025-12-03T09:37:37,2025-12-03T10:17:37,completed,2025-10-19T11:10:32,2025-11-13T21:34:19
98,110,16,2025-11-09T22:51:36,2025-11-09T23:51:36,scheduled,2025-10-06T05:15:06,2025-12-09T00:42:16
99,118,13,2025-02-02T10:49:12,2025-02-02T11:49:12,cancelled,2025-01-23T21:08:24,2025-01-29T02:21:11
100,102,19,2025-09-24T05:52:57,2025-09-24T06:22:57,scheduled,2025-09-09T15:39:54,2025-09-10T09:56:23
101,80,11,2025-03-27T22:48:34,2025-03-27T23:28:34,scheduled,2025-03-12T21:41:58,2025-04-06T02:12:03
102,95,9,2025-04-22T21:44:23,2025-04-22T22:14:23,no_show,2025-03-13T07:41:09,2025-04-30T18:44:52
103,43,17,2025-02-27T06:18:00,2025-02-27T07:18:00,scheduled,2025-01-02T22:20:32,2025-02-03T10:08:09
104,66,15,2025-11-16T10:05:26,2025-11-16T10:35:26,cancelled,2025-10-14T23:36:52,2025-12-06T09:46:35
105,99,12,2025-06-17T06:19:55,2025-06-17T06:39:55,cancelled,2025-05-10T01:29:11,2025-07-04T04:27:16
106,113,12,2025-11-21T13:31:38,2025-11-21T13:51:38,cancelled,2025-11-12T03:22:57,2025-12-11T15:32:35
107,34,7,2024-12-19T20:30:38,2024-12-19T21:10:38,no_show,2024-10-31T00:30:32,2024-12-03T03:20:51
108,43,14,2025-05-06T13:20:05,2025-05-06T14:20:05,cancelled,2025-03-20T22:21:27,2025-04-10T20:54:22
109,92,5,2025-04-06T02:56:32,2025-04-06T03:26:32,cancelled,2025-02-21T08:45:13,2025-03-15T18:57:56
110,82,4,2025-02-24T01:03:33,2025-02-24T02:03:33,cancelled,2025-01-20T06:09:52,2025-02-17T17:42:34
111,70,11,2025-09-16T18:22:31,2025-09-16T18:42:31,cancelled,2025-08-01T08:24:46,2025-09-07T10:39:24
112,40,18,2025-01-20T03:20:26,2025-01-20T04:20:26,completed,2024-12-07T09:21:27,2024-12-16T23:18:51
113,19,4,2025-03-26T11:56:48,2025-03-26T12:56:48,completed,2025-03-05T03:41:59,2025-04-07T14:26:34
114,102,17,2025-11-24T15:16:58,2025-11-24T15:36:58,cancelled,2025-10-07T16:30:38,2025-12-21T05:50:24
115,65,1,2025-04-26T15:21:44,2025-04-26T15:41:44,scheduled,2025-03-23T05:10:03,2025-04-13T07:57:41
116,44,12,2025-03-24T16:18:48,2025-03-24T16:48:48,cancelled,2025-01-28T16:29:00,2025-02-23T05:26:40
117,103,1,2025-03-29T03:47:21,2025-03-29T04:47:21,completed,2025-01-30T07:45:06,2025-02-26T15:40:01
118,113,13,2025-04-30T02:29:00,2025-04-30T03:09:00,completed,2025-04-19T05:23:09,2025-05-06T13:48:45
119,57,1,2025-09-04T00:07:48,2025-09-04T00:47:48,scheduled,2025-07-13T00:36:25,2025-07-19T17:04:11
120,119,3,2025-07-10T15:31:12,2025-07-10T15:51:12,completed,2025-06-28T23:35:00,2025-07-30T15:51:16
121,114,4,2025-10-12T10:50:25,2025-10-12T11:20:25,cancelled,2025-09-02T00:28:13,2025-11-09T15:54:41
122,70,13,2025-12-03T06:23:30,2025-12-03T07:23:30,cancelled,2025-11-26T09:08:26,2025-12-06T07:09:03
123,18,10,2025-07-26T17:12:21,2025-07-26T17:52:21,scheduled,2025-07-03T06:55:53,2025-08-09T13:23:09
124,111,19,2025-08-04T06:49:32,2025-08-04T07:49:32,scheduled,2025-07-02T17:42:15,2025-08-18T20:17:40
125,3,4,2025-11-04T19:47:26,2025-11-04T20:17:26,scheduled,2025-10-03T09:35:35,2025-10-16T00:24:33
126,59,19,2025-02-24T20:48:48,2025-02-24T21:48:48,no_show,2025-02-21T09:41:14,2025-03-10T06:20:39
127,66,4,2025-11-11T04:56:47,2025-11-11T05:16:47,scheduled,2025-10-18T15:28:30,2025-11-26T14:21:44
128,27,1,2025-03-08T17:24:45,2025-03-08T18:24:45,no_show,2025-02-24T23:37:15,2025-02-25T08:52:30
129,,20,2025-08-07T09:14:13,2025-08-07T09:54:13,completed,2025-08-04T18:49:34,2025-08-15T13:43:19
130,35,18,2025-03-01T05:43:02,2025-03-01T06:23:02,completed,2025-02-09T12:21:10,2025-03-20T19:37:33
131,94,10,2025-06-22T01:24:53,2025-06-22T02:04:53,cancelled,2025-05-04T21:58:24,2025-05-30T03:21:55
132,71,6,2025-06-02T13:20:33,2025-06-02T14:20:33,scheduled,2025-05-07T15:58:15,2025-06-11T15:05:42
133,41,19,2025-06-15T08:40:33,2025-06-15T09:20:33,cancelled,2025-06-12T03:21:57,2025-06-29T19:57:08
134,2,4,2025-05-06T21:43:28,2025-05-06T22:03:28,scheduled,2025-03-09T14:21:52,2025-03-17T21:37:23
135,110,4,2025-03-09T11:31:39,2025-03-09T12:01:39,scheduled,2025-01-24T03:12:18,2025-04-07T16:06:21
136,78,13,2025-11-23T01:39:40,2025-11-23T02:09:40,completed,2025-10-08T04:56:09,2025-11-28T09:45:41
137,78,15,2025-08-14T18:38:59,2025-08-14T19:08:59,cancelled,2025-07-01T18:00:21,2025-07-29T22:29:37
138,118,8,2025-01-26T04:39:37,2025-01-26T05:09:37,scheduled,2024-12-08T22:24:50,2025-01-12T21:24:15
139,75,17,2025-10-14T14:21:02,2025-10-14T14:41:02,no_show,2025-09-07T06:27:47,2025-11-06T01:39:54
140,38,7,2025-01-02T16:12:20,2025-01-02T17:12:20,no_show,2024-11-24T17:33:30,2024-12-06T17:20:24
141,68,8,2025-11-28T22:41:26,2025-11-28T23:11:26,cancelled,2025-11-01T07:28:22,2025-11-16T02:51:51
142,20,18,2025-11-16T12:40:40,2025-11-16T13:10:40,scheduled,2025-09-20T07:45:56,2025-10-10T10:01:51
143,91,7,2024-12-13T09:36:23,2024-12-13T10:36:23,no_show,2024-12-02T02:37:44,2024-12-16T18:03:10
144,113,12,2025-02-08T02:41:39,2025-02-08T03:21:39,completed,2025-02-04T14:26:44,2025-02-27T01:14:31
145,27,13,2024-12-17T22:35:13,2024-12-17T22:55:13,cancelled,2024-11-09T03:14:52,2024-11-18T17:05:39
146,108,11,2025-10-15T10:48:46,2025-10-15T11:08:46,cancelled,2025-10-11T22:40:58,2025-10-28T04:47:53
147,85,9,2025-07-03T11:32:00,2025-07-03T12:12:00,no_show,2025-05-26T23:19:10,2025-07-06T03:06:20
148,48,7,2025-10-24T00:39:28,2025-10-24T01:09:28,cancelled,2025-09-07T14:59:39,2025-10-17T10:58:57
149,34,15,2025-09-16T21:35:27,2025-09-16T21:55:27,scheduled,2025-07-26T17:37:32,2025-10-04T02:47:35
150,90,6,2025-06-28T22:42:16,2025-06-28T23:12:16,no_show,2025-05-17T19:59:36,2025-07-27T12:47:49
151,6,4,2025-09-06T05:00:13,2025-09-06T05:40:13,scheduled,2025-07-11T19:34:12,2025-08-29T02:11:49
152,36,14,2025-06-09T07:52:29,2025-06-09T08:22:29,completed,2025-04-27T08:13:11,2025-05-06T04:38:43
153,36,8,2025-06-16T09:52:34,2025-06-16T10:22:34,scheduled,2025-05-30T15:05:08,2025-06-01T20:58:56
154,63,5,2025-02-10T22:03:16,2025-02-10T23:03:16,completed,2025-01-19T08:25:48,2025-02-03T01:39:28
155,18,20,2025-02-20T20:34:05,2025-02-20T21:34:05,scheduled,2025-01-29T23:31:02,2025-02-17T22:31:54
156,81,10,2025-04-02T12:58:39,2025-04-02T13:58:39,scheduled,2025-03-28T13:34:02,2025-04-18T07:20:07
157,,8,2025-09-23T07:41:14,2025-09-23T08:01:14,cancelled,2025-09-07T05:48:56,2025-09-22T15:00:02
158,78,17,2025-08-13T15:37:27,2025-08-13T16:37:27,cancelled,2025-07-23T10:58:28,2025-09-04T02:17:40
159,96,10,2025-07-18T12:32:39,2025-07-18T13:12:39,cancelled,2025-06-15T08:42:39,2025-07-13T14:52:52
160,2,12,2025-12-01T18:31:54,2025-12-01T19:01:54,scheduled,2025-11-22T04:35:01,2025-12-12T05:29:19
161,22,5,2025-01-09T04:51:19,2025-01-09T05:21:19,completed,2024-11-28T13:18:04,2025-01-27T17:02:59
162,42,16,2025-10-11T22:35:19,2025-10-11T23:35:19,scheduled,2025-10-06T18:09:06,2025-10-24T20:21:13
163,50,17,2025-07-17T22:49:38,2025-07-17T23:19:38,cancelled,2025-07-16T03:25:41,2025-08-06T06:34:40
164,13,18,2025-10-09T16:15:02,2025-10-09T17:15:02,scheduled,2025-10-01T21:54:53,2025-10-16T03:46:52
165,61,8,2024-12-21T12:50:57,2024-12-21T13:20:57,cancelled,2024-12-02T04:15:19,2024-12-05T09:25:18
166,30,11,2025-01-11T15:05:10,2025-01-11T15:45:10,completed,2024-12-19T12:26:06,2025-01-20T02:21:12
167,47,3,2025-01-16T02:05:31,2025-01-16T02:45:31,no_show,2024-11-18T14:48:16,2025-01-04T21:33:34
168,9,6,2025-12-05T09:05:41,2025-12-05T09:35:41,completed,2025-11-06T12:38:28,2025-11-11T04:48:15
169,77,8,2025-08-27T08:05:30,2025-08-27T09:05:30,scheduled,2025-07-25T02:51:07,2025-09-02T17:42:36
170,72,18,2025-02-17T17:11:03,2025-02-17T17:31:03,completed,2025-01-27T11:56:00,2025-02-05T13:05:52
171,66,4,2025-02-01T03:57:14,2025-02-01T04:17:14,cancelled,2024-12-16T18:09:45,2025-02-12T09:28:47
172,87,2,2025-06-08T23:31:42,2025-06-09T00:31:42,scheduled,2025-04-13T08:36:33,2025-04-29T10:57:05
173,41,8,2025-05-03T01:02:59,2025-05-03T02:02:59,scheduled,2025-04-05T15:06:12,2025-04-05T21:58:42
174,51,5,2025-05-02T10:04:04,2025-05-02T10:24:04,completed,2025-03-30T05:01:47,2025-05-24T08:37:26
175,20,8,2025-05-19T07:50:00,2025-05-19T08:50:00,completed,2025-03-26T18:35:11,2025-05-29T23:35:26
176,107,4,2025-10-17T09:44:50,2025-10-17T10:04:50,no_show,2025-10-07T04:43:59,2025-10-14T04:12:36
177,86,11,2025-08-23T16:41:26,2025-08-23T17:11:26,scheduled,2025-08-19T12:52:21,2025-09-08T18:28:04
178,59,20,2025-10-03T20:22:00,2025-10-03T21:02:00,scheduled,2025-08-18T18:01:21,2025-10-12T07:56:43
179,103,2,2025-02-06T21:14:19,2025-02-06T21:44:19,completed,2024-12-14T05:16:02,2025-02-21T17:41:44
180,33,9,2025-08-14T13:19:46,2025-08-14T13:59:46,scheduled,2025-07-20T23:55:59,2025-09-13T03:58:57
181,16,2,2025-02-25T15:23:33,2025-02-25T15:53:33,completed,2025-01-09T15:35:12,2025-02-26T12:54:45
182,22,4,2025-11-08T16:25:03,2025-11-08T17:05:03,completed,2025-09-21T21:11:38,2025-10-05T23:46:55
183,83,15,2025-02-07T22:04:53,2025-02-07T22:24:53,scheduled,2024-12-24T13:40:31,2025-02-05T12:16:34
184,101,2,2025-03-29T21:23:36,2025-03-29T22:03:36,no_show,2025-01-30T04:52:19,2025-03-05T01:06:33
185,,4,2025-09-13T08:48:22,2025-09-13T09:18:22,scheduled,2025-09-02T15:37:57,2025-10-03T05:53:55
186,30,13,2025-04-10T02:48:18,2025-04-10T03:48:18,cancelled,2025-02-20T02:11:51,2025-04-28T15:38:25
187,9,14,2025-03-31T04:48:21,2025-03-31T05:48:21,scheduled,2025-03-25T03:36:15,2025-04-16T00:21:06
188,85,19,2025-08-17T21:43:12,2025-08-17T22:03:12,scheduled,2025-06-28T01:50:44,2025-07-31T21:49:21
189,66,13,2025-12-02T16:54:32,2025-12-02T17:54:32,scheduled,2025-10-09T22:34:17,2025-10-22T18:25:52
190,109,2,2025-01-05T23:48:21,2025-01-06T00:28:21,cancelled,2024-12-11T13:40:37,2025-01-02T08:38:08
191,62,7,2025-04-25T05:45:37,2025-04-25T06:45:37,no_show,2025-03-26T03:06:14,2025-05-11T15:39:08
192,13,14,2025-09-17T09:16:33,2025-09-17T09:46:33,completed,2025-09-16T23:34:06,2025-10-14T18:33:21
193,25,19,2025-08-18T03:21:53,2025-08-18T04:01:53,completed,2025-08-05T08:54:06,2025-08-15T02:39:05
194,70,3,2025-11-04T20:53:32,2025-11-04T21:33:32,cancelled,2025-10-18T21:23:46,2025-11-26T07:25:45
195,60,17,2025-11-14T15:02:00,2025-11-14T15:22:00,scheduled,2025-10-03T18:20:02,2025-10-25T11:42:41
196,104,12,2025-11-24T10:22:17,2025-11-24T11:02:17,cancelled,2025-10-10T16:36:49,2025-11-12T18:05:52
197,89,4,2024-12-31T03:47:10,2024-12-31T04:07:10,cancelled,2024-12-30T14:47:47,2025-01-04T01:49:17
198,20,1,2025-02-18T22:39:05,2025-02-18T23:39:05,no_show,2025-02-07T01:27:55,2025-02-16T13:41:38
199,48,16,2025-04-02T15:49:35,2025-04-02T16:29:35,no_show,2025-03-08T23:30:02,2025-03-24T18:14:58
200,46,6,2025-06-21T06:24:41,2025-06-21T07:04:41,scheduled,2025-05-03T04:29:58,2025-06-29T05:50:07
201,68,2,2025-09-12T23:54:07,2025-09-13T00:34:07,scheduled,2025-09-02T00:47:05,2025-09-21T03:57:34
202,43,13,2025-02-27T23:50:30,2025-02-28T00:50:30,scheduled,2025-02-08T09:41:22,2025-03-05T06:58:19
203,116,17,2024-12-22T08:57:14,2024-12-22T09:17:14,completed,2024-12-19T07:41:09,2025-01-12T01:15:11
204,45,15,2025-11-18T09:27:11,2025-11-18T09:57:11,completed,2025-10-30T11:13:54,2025-11-22T19:53:15
205,104,14,2025-07-26T11:26:26,2025-07-26T12:26:26,scheduled,2025-07-09T04:48:16,2025-07-17T20:58:52
206,28,13,2025-09-20T14:13:14,2025-09-20T14:33:14,completed,2025-08-09T18:52:32,2025-08-18T21:55:50
207,85,13,2025-01-07T20:02:50,2025-01-07T20:32:50,cancelled,2024-11-14T02:59:47,2025-01-28T19:58:13
208,110,12,2025-05-28T10:52:48,2025-05-28T11:12:48,cancelled,2025-05-02T17:39:27,2025-06-18T05:44:18
209,17,11,2024-12-10T23:50:21,2024-12-11T00:20:21,no_show,2024-11-21T03:11:39,2024-12-02T20:44:45
210,32,5,2024-12-13T22:33:40,2024-12-13T23:03:40,no_show,2024-10-16T18:09:50,2024-12-16T11:24:06
211,45,3,2025-09-05T17:21:08,2025-09-05T17:41:08,completed,2025-07-16T04:18:37,2025-09-20T06:20:21
212,13,17,2025-03-21T11:25:01,2025-03-21T11:55:01,completed,2025-03-11T07:54:57,2025-03-15T16:29:30
213,74,9,2025-04-26T01:16:11,2025-04-26T01:36:11,cancelled,2025-04-05T12:48:25,2025-04-11T03:14:06
214,51,19,2025-06-10T19:55:13,2025-06-10T20:25:13,cancelled,2025-05-15T08:53:18,2025-07-07T15:48:48
215,91,5,2025-05-05T07:39:20,2025-05-05T08:39:20,cancelled,2025-03-25T22:24:09,2025-05-20T02:15:06
216,97,15,2025-07-26T14:33:55,2025-07-26T14:53:55,completed,2025-07-19T22:40:54,2025-07-30T03:37:52
217,7,16,2025-02-06T22:39:12,2025-02-06T23:39:12,no_show,2025-01-14T22:07:42,2025-01-24T06:35:26
218,113,13,2025-08-25T19:42:55,2025-08-25T20:42:55,completed,2025-07-04T21:20:08,2025-08-20T15:18:31
219,56,8,2025-10-27T18:08:28,2025-10-27T19:08:28,completed,2025-09-05T14:13:16,2025-10-03T16:37:13
220,50,10,2025-09-24T04:43:05,2025-09-24T05:03:05,cancelled,2025-08-29T22:23:06,2025-10-17T20:48:28
221,34,5,2025-09-22T00:20:25,2025-09-22T01:00:25,no_show,2025-08-05T00:15:56,2025-09-25T14:12:56
222,84,21,2025-06-28T21:11:09,2025-06-28T21:41:09,no_show,2025-05-04T04:45:19,2025-07-09T13:47:46
223,77,1,2025-07-19T06:05:39,2025-07-19T06:25:39,cancelled,2025-06-01T10:45:01,2025-07-17T05:51:28
224,109,11,2025-03-22T11:11:31,2025-03-22T11:41:31,cancelled,2025-03-02T23:26:20,2025-03-11T11:26:52
225,8,1,2025-11-19T10:15:42,2025-11-19T10:35:42,completed,2025-10-06T07:44:54,2025-11-24T11:11:22
226,114,17,2025-05-19T21:14:28,2025-05-19T21:34:28,cancelled,2025-04-20T09:32:00,2025-05-21T21:40:08
227,81,16,2025-06-16T05:06:34,2025-06-16T06:06:34,completed,2025-05-21T14:13:22,2025-06-24T09:36:55
228,118,3,2025-08-18T09:57:15,2025-08-18T10:57:15,no_show,2025-07-07T16:16:47,2025-07-15T18:52:31
229,76,12,2025-08-18T11:58:19,2025-08-18T12:18:19,completed,2025-07-16T21:11:23,2025-08-01T19:52:40
230,93,14,2025-02-14T16:18:35,2025-02-14T16:38:35,completed,2025-01-20T15:11:54,2025-02-02T21:34:10
231,93,13,2025-11-01T03:14:19,2025-11-01T04:14:19,completed,2025-10-02T21:09:04,2025-10-05T20:47:20
232,59,15,2025-02-06T13:10:33,2025-02-06T14:10:33,no_show,2025-01-23T02:31:30,2025-03-02T22:24:31
233,96,18,2024-12-24T11:48:18,2024-12-24T12:48:18,no_show,2024-12-09T21:52:58,2025-01-12T19:56:37
234,5,18,2024-12-25T03:08:45,2024-12-25T03:48:45,scheduled,2024-11-13T02:34:42,2025-01-16T15:56:26
235,7,4,2025-04-01T01:55:09,2025-04-01T02:55:09,no_show,2025-02-22T08:43:00,2025-04-03T17:13:58
236,16,18,2025-06-06T17:26:10,2025-06-06T18:06:10,no_show,2025-05-06T09:34:44,2025-06-01T11:12:17
237,106,8,2025-12-07T18:13:51,2025-12-07T19:13:51,scheduled,2025-12-01T04:05:02,2025-12-19T01:19:08
238,27,20,2025-01-30T00:01:48,2025-01-30T00:31:48,no_show,2025-01-23T09:14:30,2025-01-25T07:07:24
239,92,15,2025-01-28T05:49:38,2025-01-28T06:19:38,cancelled,2024-12-25T01:33:53,2025-02-03T21:49:46
240,114,1,2025-03-22T10:59:22,2025-03-22T11:29:22,scheduled,2025-02-15T13:38:44,2025-03-15T17:35:58
241,99,6,2025-04-24T11:27:29,2025-04-24T11:47:29,scheduled,2025-02-27T09:40:35,2025-04-30T14:09:47
242,48,1,2025-07-31T19:23:59,2025-07-31T20:23:59,no_show,2025-07-17T17:08:27,2025-08-04T08:24:01
243,29,14,2025-04-29T19:18:58,2025-04-29T19:58:58,no_show,2025-03-03T12:22:14,2025-03-22T16:09:42
244,36,11,2025-06-04T10:38:43,2025-06-04T11:08:43,no_show,2025-04-06T00:34:19,2025-06-29T02:24:13
245,79,7,2025-08-26T13:06:10,2025-08-26T13:36:10,cancelled,2025-08-23T03:59:33,2025-09-17T03:06:54
246,83,8,2025-04-14T06:30:15,2025-04-14T06:50:15,completed,2025-03-12T02:48:09,2025-04-12T16:00:06
247,98,19,2025-04-09T06:37:29,2025-04-09T07:37:29,cancelled,2025-02-25T16:25:31,2025-03-19T14:26:07
248,5,4,2025-07-27T14:06:22,2025-07-27T15:06:22,completed,2025-06-12T19:42:23,2025-08-11T19:58:16
249,26,19,2025-08-18T11:12:03,2025-08-18T11:32:03,completed,2025-07-13T17:10:44,2025-07-27T00:21:14
250,52,19,2025-11-08T09:07:36,2025-11-08T10:07:36,completed,2025-11-05T14:59:31,2025-12-02T20:54:59
251,1,11,2025-01-13T22:39:43,2025-01-13T22:59:43,no_show,2025-01-05T12:18:43,2025-01-28T21:18:23
252,45,15,2025-01-01T01:59:31,2025-01-01T02:59:31,cancelled,2024-11-23T10:31:58,2024-11-30T17:43:59
253,60,11,2025-09-07T19:26:56,2025-09-07T20:06:56,no_show,2025-07-12T15:07:31,2025-09-27T13:04:23
254,57,16,2025-11-14T01:34:50,2025-11-14T02:34:50,completed,2025-09-15T03:02:10,2025-10-25T14:09:05
255,113,10,2025-07-01T00:55:43,2025-07-01T01:35:43,cancelled,2025-05-25T17:15:01,2025-05-29T22:25:52
256,61,18,2025-04-05T08:43:40,2025-04-05T09:03:40,no_show,2025-02-05T17:46:28,2025-03-06T02:16:03
257,33,1,2025-09-11T11:53:54,2025-09-11T12:23:54,completed,2025-07-20T03:40:10,2025-08-12T02:21:27
258,65,12,2025-10-26T00:04:10,2025-10-26T00:44:10,scheduled,2025-10-20T18:09:48,2025-10-31T01:27:52
259,37,7,2025-05-20T10:23:17,2025-05-20T10:43:17,completed,2025-05-18T15:32:33,2025-06-02T13:07:29
260,,12,2025-02-18T16:58:15,2025-02-18T17:28:15,cancelled,2024-12-22T10:22:04,2025-02-23T22:30:01
261,29,3,2025-08-25T05:02:22,2025-08-25T05:32:22,cancelled,2025-08-18T01:09:29,2025-08-28T20:24:50
262,63,10,2025-11-10T22:47:27,2025-11-10T23:17:27,cancelled,2025-09-19T07:10:48,2025-10-11T07:07:47
263,114,12,2025-09-14T00:24:10,2025-09-14T00:54:10,scheduled,2025-08-05T20:47:07,2025-10-05T08:19:47
264,55,1,2025-01-04T11:32:24,2025-01-04T12:12:24,cancelled,2024-11-07T15:09:14,2024-11-16T16:02:30
265,55,10,2024-12-22T23:07:02,2024-12-22T23:37:02,completed,2024-11-21T22:41:47,2025-01-02T08:17:14
266,60,13,2025-07-08T06:37:35,2025-07-08T07:37:35,no_show,2025-06-16T14:41:57,2025-07-20T16:24:44
267,14,2,2025-09-24T02:45:04,2025-09-24T03:05:04,no_show,2025-09-04T00:10:03,2025-09-23T15:22:18
268,44,5,2025-09-13T22:10:58,2025-09-13T22:40:58,completed,2025-08-04T14:40:23,2025-09-19T02:17:42
269,7,6,2025-05-13T06:06:35,2025-05-13T06:36:35,completed,2025-05-05T00:58:04,2025-06-07T22:51:47
270,79,1,2024-12-26T21:15:01,2024-12-26T21:55:01,completed,2024-12-06T08:53:07,2025-01-20T14:18:29
271,46,5,2024-12-16T20:45:58,2024-12-16T21:05:58,scheduled,2024-11-06T11:14:07,2025-01-13T19:48:42
272,92,15,2025-04-01T21:59:34,2025-04-01T22:39:34,cancelled,2025-03-24T16:47:29,2025-04-16T10:00:30
273,112,19,2025-09-03T16:52:05,2025-09-03T17:32:05,completed,2025-08-17T01:09:11,2025-09-11T20:06:34
274,84,3,2025-09-03T00:21:55,2025-09-03T01:01:55,scheduled,2025-08-21T18:27:48,2025-09-25T05:20:40
275,2,10,2025-03-07T09:30:21,2025-03-07T10:00:21,completed,2025-02-24T01:34:33,2025-04-02T17:26:38
276,48,19,2025-06-27T14:45:22,2025-06-27T15:05:22,no_show,2025-06-17T15:26:13,2025-06-24T08:13:18
277,38,20,2025-04-01T08:50:06,2025-04-01T09:20:06,completed,2025-03-27T17:17:28,2025-04-20T07:53:05
278,35,3,2025-05-31T00:52:55,2025-05-31T01:32:55,cancelled,2025-05-29T06:08:41,2025-06-28T01:06:51
279,50,1,2025-04-04T02:16:33,2025-04-04T02:46:33,completed,2025-03-05T00:17:15,2025-04-27T13:51:46
280,71,14,2025-06-12T10:05:47,2025-06-12T11:05:47,scheduled,2025-05-23T13:22:01,2025-06-27T17:05:38
281,14,2,2024-12-29T13:21:46,2024-12-29T14:01:46,cancelled,2024-12-04T07:58:03,2025-01-04T12:27:55
282,102,18,2025-02-01T15:16:21,2025-02-01T16:16:21,no_show,2025-01-16T20:02:55,2025-02-04T21:23:35
283,26,8,2024-12-21T03:50:04,2024-12-21T04:20:04,cancelled,2024-12-15T10:59:50,2024-12-26T07:18:04
284,83,9,2025-11-25T00:12:12,2025-11-25T00:42:12,scheduled,2025-11-03T20:35:53,2025-12-06T14:00:07
285,25,1,2025-09-01T06:00:00,2025-09-01T07:00:00,no_show,2025-08-04T20:06:57,2025-09-16T10:45:35
286,46,1,2024-12-27T01:26:00,2024-12-27T01:46:00,scheduled,2024-11-09T21:16:14,2024-11-25T09:27:34
287,110,12,2025-08-07T13:50:26,2025-08-07T14:10:26,scheduled,2025-08-07T03:43:58,2025-08-30T14:40:15
288,41,3,2024-12-19T16:08:06,2024-12-19T17:08:06,cancelled,2024-12-01T17:32:23,2024-12-26T07:09:57
289,49,10,2025-02-24T17:20:17,2025-02-24T17:40:17,no_show,2025-01-28T14:42:15,2025-02-25T17:29:27
290,108,9,2025-06-06T15:52:05,2025-06-06T16:52:05,completed,2025-04-19T09:43:17,2025-04-28T17:59:01
291,23,13,2025-04-06T18:31:04,2025-04-06T18:51:04,cancelled,2025-03-31T10:03:32,2025-04-29T07:32:31
292,39,10,2025-01-22T15:37:17,2025-01-22T16:07:17,completed,2024-11-26T16:45:45,2024-12-14T19:07:46
293,30,18,2025-07-15T07:23:30,2025-07-15T08:23:30,completed,2025-06-26T16:12:04,2025-07-11T21:46:22
294,15,19,2025-08-02T15:09:26,2025-08-02T15:49:26,completed,2025-07-26T11:05:06,2025-08-12T13:16:19
295,95,13,2025-06-05T00:04:58,2025-06-05T01:04:58,cancelled,2025-04-10T01:05:06,2025-05-05T09:07:29
296,5,9,2025-11-22T21:48:07,2025-11-22T22:08:07,cancelled,2025-10-18T04:38:20,2025-12-11T01:00:32
297,101,11,2025-09-10T20:58:08,2025-09-10T21:58:08,cancelled,2025-09-06T01:22:08,2025-09-27T02:45:48
298,58,12,2025-01-05T03:59:45,2025-01-05T04:19:45,scheduled,2024-12-11T12:28:34,2025-01-13T08:01:58
299,42,16,2025-10-19T03:04:49,2025-10-19T03:24:49,completed,2025-10-08T05:13:14,2025-10-13T22:04:21
300,64,15,2025-06-19T03:10:49,2025-06-19T03:40:49,cancelled,2025-05-19T11:24:47,2025-06-05T19:19:58
301,53,12,2025-07-22T03:16:38,2025-07-22T04:16:38,completed,2025-05-28T01:49:30,2025-07-28T10:27:54
302,40,1,2025-08-10T11:44:22,2025-08-10T12:14:22,scheduled,2025-06-27T01:36:47,2025-07-27T06:30:41
303,7,20,2025-02-11T21:21:30,2025-02-11T22:21:30,cancelled,2025-02-08T02:42:37,2025-03-04T12:41:37
304,58,20,2025-08-06T10:30:05,2025-08-06T10:50:05,cancelled,2025-07-08T22:53:09,2025-08-30T11:58:12
305,38,15,2025-10-15T01:44:51,2025-10-15T02:24:51,cancelled,2025-09-06T10:57:31,2025-10-01T22:40:24
306,91,5,2025-05-28T12:04:47,2025-05-28T12:44:47,scheduled,2025-04-03T01:33:39,2025-04-23T02:31:50
307,22,20,2025-07-03T03:01:51,2025-07-03T03:21:51,completed,2025-05-05T15:00:52,2025-07-06T08:17:05
308,112,7,2025-10-24T22:02:36,2025-10-24T22:22:36,completed,2025-09-24T17:44:36,2025-11-18T00:25:19
309,46,10,2025-07-28T22:53:25,2025-07-28T23:53:25,scheduled,2025-07-10T10:08:22,2025-07-17T05:21:02
310,68,7,2024-12-25T03:52:42,2024-12-25T04:32:42,cancelled,2024-11-17T19:56:15,2025-01-09T04:02:37
311,105,15,2025-06-24T23:38:13,2025-06-25T00:38:13,scheduled,2025-05-25T07:34:08,2025-06-11T07:31:26
312,80,7,2025-10-02T15:19:26,2025-10-02T15:39:26,scheduled,2025-09-19T00:45:47,2025-10-13T00:33:31
313,14,7,2025-03-26T04:24:17,2025-03-26T05:24:17,completed,2025-02-27T03:12:17,2025-03-19T12:02:12
314,27,19,2025-04-17T13:37:35,2025-04-17T14:07:35,completed,2025-03-03T21:29:42,2025-03-24T10:25:04
315,50,2,2025-03-03T07:04:38,2025-03-03T07:24:38,cancelled,2025-02-18T12:22:08,2025-03-04T08:18:53
316,51,7,2025-01-27T06:56:11,2025-01-27T07:36:11,cancelled,2024-12-16T04:19:52,2025-01-11T15:27:34
317,118,20,2025-07-27T16:48:46,2025-07-27T17:28:46,completed,2025-07-21T22:19:40,2025-07-29T17:02:19
318,55,9,2025-05-03T21:48:52,2025-05-03T22:08:52,no_show,2025-03-22T01:47:38,2025-04-23T06:23:53
319,45,15,2025-01-02T04:11:47,2025-01-02T04:41:47,scheduled,2024-12-28T00:01:37,2025-01-31T22:41:59
320,68,17,2025-03-04T16:14:51,2025-03-04T16:44:51,completed,2025-02-23T18:52:07,2025-03-21T22:36:14
321,104,14,2025-10-04T00:13:21,2025-10-04T00:53:21,no_show,2025-09-19T06:46:19,2025-10-27T12:40:45
322,32,6,2025-06-04T22:58:08,2025-06-04T23:58:08,no_show,2025-05-19T09:12:05,2025-06-06T22:30:57
323,46,19,2025-01-29T16:43:00,2025-01-29T17:03:00,scheduled,2024-12-23T18:55:25,2025-01-12T00:44:21
324,106,10,2025-11-27T08:36:03,2025-11-27T09:06:03,no_show,2025-10-19T12:29:50,2025-11-06T02:59:33
325,90,19,2024-12-18T04:57:26,2024-12-18T05:27:26,cancelled,2024-12-13T07:18:02,2025-01-01T09:55:31
326,79,8,2025-04-05T10:52:25,2025-04-05T11:22:25,no_show,2025-02-07T09:08:45,2025-04-25T18:44:33
327,116,18,2025-02-25T08:06:13,2025-02-25T08:36:13,no_show,2025-01-19T18:25:25,2025-02-18T21:36:57
328,84,7,2025-06-28T15:42:26,2025-06-28T16:12:26,cancelled,2025-05-02T00:25:45,2025-05-24T02:00:26
329,16,11,2025-01-29T02:13:05,2025-01-29T02:33:05,no_show,2024-12-08T06:36:34,2024-12-12T05:55:16
330,35,19,2024-12-25T06:13:02,2024-12-25T06:43:02,scheduled,2024-11-02T08:36:14,2024-11-14T00:18:31
331,106,13,2025-12-08T18:23:14,2025-12-08T18:53:14,no_show,2025-10-16T08:03:45,2025-12-26T13:37:55
332,107,20,2025-01-13T20:04:40,2025-01-13T20:44:40,scheduled,2024-12-03T13:23:20,2025-02-08T15:33:12
333,17,1,2025-07-30T11:06:06,2025-07-30T11:46:06,scheduled,2025-06-30T16:23:49,2025-08-29T05:02:44
334,107,18,2025-06-02T13:14:49,2025-06-02T13:54:49,cancelled,2025-05-24T00:47:35,2025-06-03T18:39:08
335,36,3,2025-01-15T05:47:41,2025-01-15T06:17:41,completed,2024-12-14T06:53:47,2024-12-14T07:46:53
336,39,11,2025-10-14T20:33:58,2025-10-14T20:53:58,cancelled,2025-10-12T02:37:16,2025-10-22T10:26:38
337,3,3,2025-12-07T07:16:40,2025-12-07T07:36:40,cancelled,2025-11-16T02:15:37,2025-12-17T14:58:43
338,70,17,2025-03-02T13:54:46,2025-03-02T14:34:46,no_show,2025-02-01T15:54:44,2025-03-28T03:42:24
339,104,8,2025-03-12T00:16:18,2025-03-12T00:36:18,completed,2025-01-12T11:42:47,2025-03-17T05:15:33
340,92,9,2025-05-03T23:23:16,2025-05-03T23:43:16,completed,2025-04-16T12:54:02,2025-05-27T02:11:28
341,108,18,2025-08-04T03:34:17,2025-08-04T04:04:17,no_show,2025-06-13T04:34:33,2025-08-08T18:43:03
342,44,7,2025-10-15T06:39:03,2025-10-15T07:19:03,no_show,2025-09-27T06:06:01,2025-10-27T05:59:46
343,75,10,2025-12-03T16:55:55,2025-12-03T17:25:55,no_show,2025-10-10T18:21:16,2025-11-26T10:30:11
344,57,1,2025-06-19T23:56:43,2025-06-20T00:26:43,scheduled,2025-06-07T04:20:38,2025-07-11T12:45:10
345,56,10,2025-07-15T08:23:48,2025-07-15T09:23:48,scheduled,2025-07-10T18:28:31,2025-07-12T22:22:11
346,35,18,2025-01-29T00:25:51,2025-01-29T01:05:51,scheduled,2025-01-27T01:41:00,2025-02-24T08:46:34
347,41,11,2025-01-06T21:33:31,2025-01-06T21:53:31,scheduled,2024-12-12T01:59:38,2024-12-31T16:05:52
348,44,9,2025-01-14T19:09:14,2025-01-14T20:09:14,completed,2024-11-24T06:09:37,2024-12-07T22:09:26
349,65,18,2025-10-08T23:38:52,2025-10-09T00:38:52,no_show,2025-10-02T11:37:54,2025-10-21T07:45:27
350,12,12,2025-03-14T15:35:54,2025-03-14T15:55:54,scheduled,2025-02-09T16:51:07,2025-03-02T00:35:56
351,109,17,2024-12-29T02:02:11,2024-12-29T02:22:11,cancelled,2024-12-04T15:14:12,2025-01-03T13:00:53
352,38,10,2025-06-01T07:24:27,2025-06-01T08:24:27,cancelled,2025-04-27T02:42:31,2025-05-02T14:53:02
353,55,8,2025-03-26T13:37:31,2025-03-26T13:57:31,cancelled,2025-03-03T10:40:41,2025-04-04T08:49:57
354,106,17,2025-01-20T07:47:18,2025-01-20T08:07:18,no_show,2024-11-23T04:48:55,2024-12-31T05:33:20
355,80,16,2025-04-15T17:50:30,2025-04-15T18:30:30,no_show,2025-02-24T00:47:38,2025-04-25T17:32:46
356,35,5,2025-06-09T05:41:09,2025-06-09T06:01:09,completed,2025-06-06T10:33:45,2025-06-20T20:06:56
357,32,20,2025-09-07T16:24:06,2025-09-07T17:04:06,no_show,2025-08-12T14:14:28,2025-09-13T23:07:34
358,111,1,2025-07-01T16:53:43,2025-07-01T17:13:43,completed,2025-06-12T20:02:08,2025-07-08T01:15:28
359,28,18,2025-10-29T20:54:05,2025-10-29T21:54:05,no_show,2025-10-27T10:38:37,2025-10-29T15:57:38
360,118,18,2025-04-21T15:06:10,2025-04-21T15:46:10,no_show,2025-03-09T09:26:22,2025-03-23T11:27:49
361,61,5,2025-08-13T14:41:30,2025-08-13T15:41:30,scheduled,2025-06-15T16:18:32,2025-09-11T01:13:39
362,111,20,2025-09-23T12:38:19,2025-09-23T12:58:19,scheduled,2025-09-08T14:06:54,2025-10-21T06:34:51
363,78,5,2025-09-01T19:26:16,2025-09-01T19:46:16,cancelled,2025-08-29T23:00:03,2025-09-05T17:48:58
364,86,16,2025-12-02T15:52:07,2025-12-02T16:52:07,scheduled,2025-10-24T05:51:27,2025-10-28T07:57:36
365,114,11,2025-02-13T15:09:59,2025-02-13T15:49:59,scheduled,2024-12-25T17:33:48,2025-02-19T10:59:34
366,120,6,2025-06-01T02:01:03,2025-06-01T03:01:03,completed,2025-04-19T18:16:48,2025-06-20T00:42:45
367,105,6,2025-02-23T00:44:06,2025-02-23T01:44:06,completed,2025-01-29T16:25:12,2025-03-15T06:46:20
368,25,1,2025-01-09T23:04:31,2025-01-10T00:04:31,no_show,2024-12-05T07:45:07,2025-02-08T19:43:55
369,89,2,2025-02-25T10:30:30,2025-02-25T10:50:30,completed,2025-02-15T02:21:22,2025-03-20T14:36:11
370,13,10,2025-08-27T05:57:12,2025-08-27T06:17:12,no_show,2025-07-05T03:48:36,2025-09-09T21:37:07
371,60,15,2025-01-26T02:45:11,2025-01-26T03:05:11,completed,2025-01-11T12:04:52,2025-01-20T01:50:18
372,37,1,2025-01-14T10:19:46,2025-01-14T10:39:46,cancelled,2025-01-06T17:08:11,2025-01-29T10:28:50
373,64,15,2025-03-13T14:28:47,2025-03-13T15:08:47,scheduled,2025-01-19T19:37:03,2025-01-25T08:09:23
374,72,10,2025-06-04T02:23:09,2025-06-04T03:23:09,no_show,2025-06-01T22:47:52,2025-06-25T12:03:28
375,96,13,2025-09-05T02:25:40,2025-09-05T02:45:40,scheduled,2025-07-28T02:29:45,2025-07-28T17:33:09
376,52,5,2025-02-13T23:34:05,2025-02-13T23:54:05,completed,2025-02-12T10:27:32,2025-03-04T11:42:55
377,96,18,2025-01-02T20:54:05,2025-01-02T21:14:05,completed,2024-11-14T17:14:07,2024-12-29T23:02:51
378,106,8,2025-03-29T07:49:22,2025-03-29T08:19:22,cancelled,2025-02-12T13:24:46,2025-03-15T04:00:58
379,34,17,2025-04-26T22:21:58,2025-04-26T23:21:58,no_show,2025-03-21T23:06:33,2025-05-12T04:17:43
380,,16,2025-06-05T11:37:20,2025-06-05T12:17:20,cancelled,2025-05-17T13:44:52,2025-06-13T18:44:19
381,119,16,2025-06-27T13:53:50,2025-06-27T14:13:50,no_show,2025-05-25T16:39:47,2025-07-11T01:05:16
382,46,3,2025-07-05T20:24:54,2025-07-05T20:54:54,scheduled,2025-07-03T06:55:49,2025-07-10T04:04:25
383,90,15,2025-04-14T15:31:45,2025-04-14T16:31:45,scheduled,2025-03-02T18:27:26,2025-03-23T23:47:31
384,105,14,2025-07-18T07:46:52,2025-07-18T08:46:52,completed,2025-05-26T20:36:26,2025-08-04T01:37:13
385,81,3,2025-05-25T00:51:18,2025-05-25T01:21:18,cancelled,2025-05-11T19:36:41,2025-06-15T13:05:30
386,42,13,2025-01-01T05:29:01,2025-01-01T05:59:01,scheduled,2024-11-19T18:04:36,2024-12-09T11:15:47
387,47,1,2025-06-14T20:14:55,2025-06-14T21:14:55,scheduled,2025-05-24T20:58:53,2025-07-04T03:11:17
388,118,7,2025-06-02T09:35:14,2025-06-02T10:05:14,completed,2025-05-19T01:15:23,2025-05-30T04:16:53
389,43,3,2025-01-19T17:35:03,2025-01-19T17:55:03,completed,2024-11-30T23:58:50,2025-02-11T12:05:10
390,9,11,2025-07-11T20:40:00,2025-07-11T21:40:00,no_show,2025-07-06T05:38:56,2025-08-02T18:58:10
391,92,14,2025-06-12T09:34:53,2025-06-12T10:34:53,scheduled,2025-06-03T22:30:51,2025-06-28T08:18:26
392,82,7,2024-12-13T23:44:41,2024-12-14T00:44:41,no_show,2024-11-04T06:50:08,2025-01-01T22:42:21
393,66,3,2025-03-18T22:46:10,2025-03-18T23:26:10,scheduled,2025-01-18T10:15:11,2025-01-22T07:58:57
394,88,8,2025-04-11T06:46:09,2025-04-11T07:06:09,scheduled,2025-04-05T11:18:35,2025-05-08T19:05:10
395,51,7,2025-06-03T19:32:55,2025-06-03T20:02:55,cancelled,2025-05-22T20:51:02,2025-05-29T11:37:40
396,42,5,2025-06-28T01:03:05,2025-06-28T01:43:05,no_show,2025-05-19T19:52:56,2025-05-24T21:46:59
397,86,8,2025-10-31T17:58:09,2025-10-31T18:38:09,completed,2025-09-22T19:41:46,2025-10-30T01:06:57
398,71,12,2025-10-07T21:47:51,2025-10-07T22:47:51,no_show,2025-09-16T15:22:22,2025-10-29T19:20:58
399,27,13,2025-05-22T19:32:00,2025-05-22T20:12:00,no_show,2025-04-05T04:11:18,2025-05-09T11:54:18
400,43,20,2025-01-19T17:45:12,2025-01-19T17:59:12,cancelled,2025-09-07T13:49:20,2025-10-06T00:33:41
401,43,20,2025-01-19T17:45:12,2025-01-19T17:59:12,scheduled,2025-09-07T15:49:20,2025-10-06T01:32:41
402,43,3,2025-01-19T17:35:03,2025-01-19T17:55:03,completed,2024-11-30T23:58:50,2025-02-11T12:05:10
403,77,18,2025-01-02T21:54:05,2025-01-02T21:14:05,completed,2024-11-14T17:14:07,2024-12-29T23:02:51
404,32,10,2052-07-01T07:21:22,2025-07-01T08:24:27,completed,2025-03-21T01:49:32,2025-03-21T01:49:32